system:index,ndvi_mean,week_start,.geo
0,0.5238741825541456,2019-01-01,"{""type"":""MultiPoint"",""coordinates"":[]}"
1,0.6687394644918192,2019-01-08,"{""type"":""MultiPoint"",""coordinates"":[]}"
2,,2019-01-15,"{""type"":""MultiPoint"",""coordinates"":[]}"
3,0.7244661083153707,2019-01-22,"{""type"":""MultiPoint"",""coordinates"":[]}"
4,0.7079636383420719,2019-01-29,"{""type"":""MultiPoint"",""coordinates"":[]}"
5,0.7369029624770487,2019-02-05,"{""type"":""MultiPoint"",""coordinates"":[]}"
6,0.7738901577196974,2019-02-12,"{""type"":""MultiPoint"",""coordinates"":[]}"
7,0.7555359631660614,2019-02-19,"{""type"":""MultiPoint"",""coordinates"":[]}"
8,0.7364484609188531,2019-02-26,"{""type"":""MultiPoint"",""coordinates"":[]}"
9,0.7291955651078145,2019-03-05,"{""type"":""MultiPoint"",""coordinates"":[]}"
10,0.6870837160034344,2019-03-12,"{""type"":""MultiPoint"",""coordinates"":[]}"
11,0.6962790099790169,2019-03-19,"{""type"":""MultiPoint"",""coordinates"":[]}"
12,0.6534309581320187,2019-03-26,"{""type"":""MultiPoint"",""coordinates"":[]}"
13,0.5351830565896957,2019-04-02,"{""type"":""MultiPoint"",""coordinates"":[]}"
14,0.3439019168974738,2019-04-09,"{""type"":""MultiPoint"",""coordinates"":[]}"
15,0.29467084478682826,2019-04-16,"{""type"":""MultiPoint"",""coordinates"":[]}"
16,0.23819519244599352,2019-04-23,"{""type"":""MultiPoint"",""coordinates"":[]}"
17,0.24999260790464664,2019-04-30,"{""type"":""MultiPoint"",""coordinates"":[]}"
18,0.2125376624126256,2019-05-07,"{""type"":""MultiPoint"",""coordinates"":[]}"
19,0.1745718878600718,2019-05-14,"{""type"":""MultiPoint"",""coordinates"":[]}"
20,0.23434034936881915,2019-05-21,"{""type"":""MultiPoint"",""coordinates"":[]}"
21,0.21539429970092733,2019-05-28,"{""type"":""MultiPoint"",""coordinates"":[]}"
22,0.20581192385886027,2019-06-04,"{""type"":""MultiPoint"",""coordinates"":[]}"
23,0.20167821323950996,2019-06-11,"{""type"":""MultiPoint"",""coordinates"":[]}"
24,0.20236317115928196,2019-06-18,"{""type"":""MultiPoint"",""coordinates"":[]}"
25,0.23068191773065808,2019-06-25,"{""type"":""MultiPoint"",""coordinates"":[]}"
26,0.2079443783948874,2019-07-02,"{""type"":""MultiPoint"",""coordinates"":[]}"
27,,2019-07-09,"{""type"":""MultiPoint"",""coordinates"":[]}"
28,0.4410830708334247,2019-07-16,"{""type"":""MultiPoint"",""coordinates"":[]}"
29,0.5617685506608295,2019-07-23,"{""type"":""MultiPoint"",""coordinates"":[]}"
30,0.5647196280073628,2019-07-30,"{""type"":""MultiPoint"",""coordinates"":[]}"
31,0.6449003222968523,2019-08-06,"{""type"":""MultiPoint"",""coordinates"":[]}"
32,0.6805744800582273,2019-08-13,"{""type"":""MultiPoint"",""coordinates"":[]}"
33,0.6939843339804058,2019-08-20,"{""type"":""MultiPoint"",""coordinates"":[]}"
34,0.6697010318997665,2019-08-27,"{""type"":""MultiPoint"",""coordinates"":[]}"
35,0.6220815403431149,2019-09-03,"{""type"":""MultiPoint"",""coordinates"":[]}"
36,0.6136801827365416,2019-09-10,"{""type"":""MultiPoint"",""coordinates"":[]}"
37,0.686988044743426,2019-09-17,"{""type"":""MultiPoint"",""coordinates"":[]}"
38,0.648042089678574,2019-09-24,"{""type"":""MultiPoint"",""coordinates"":[]}"
39,0.6407055993551813,2019-10-01,"{""type"":""MultiPoint"",""coordinates"":[]}"
40,0.5904007826769138,2019-10-08,"{""type"":""MultiPoint"",""coordinates"":[]}"
41,0.49779931904005664,2019-10-15,"{""type"":""MultiPoint"",""coordinates"":[]}"
42,0.4074610174602373,2019-10-22,"{""type"":""MultiPoint"",""coordinates"":[]}"
43,0.29220277773918485,2019-10-29,"{""type"":""MultiPoint"",""coordinates"":[]}"
44,0.28087864160159354,2019-11-05,"{""type"":""MultiPoint"",""coordinates"":[]}"
45,0.3208459545576997,2019-11-12,"{""type"":""MultiPoint"",""coordinates"":[]}"
46,0.23358199317872222,2019-11-19,"{""type"":""MultiPoint"",""coordinates"":[]}"
47,0.481682158276503,2019-11-26,"{""type"":""MultiPoint"",""coordinates"":[]}"
48,0.48463576403620084,2019-12-03,"{""type"":""MultiPoint"",""coordinates"":[]}"
49,0.4875844006740346,2019-12-10,"{""type"":""MultiPoint"",""coordinates"":[]}"
50,0.6598743651554573,2019-12-17,"{""type"":""MultiPoint"",""coordinates"":[]}"
51,0.6049022710003407,2019-12-24,"{""type"":""MultiPoint"",""coordinates"":[]}"
52,0.6424094123222994,2019-12-31,"{""type"":""MultiPoint"",""coordinates"":[]}"
53,0.7133534890515512,2020-01-07,"{""type"":""MultiPoint"",""coordinates"":[]}"
54,0.6225292201462259,2020-01-14,"{""type"":""MultiPoint"",""coordinates"":[]}"
55,0.7231222915237815,2020-01-21,"{""type"":""MultiPoint"",""coordinates"":[]}"
56,0.7422582433325235,2020-01-28,"{""type"":""MultiPoint"",""coordinates"":[]}"
57,0.7061341524873076,2020-02-04,"{""type"":""MultiPoint"",""coordinates"":[]}"
58,0.7298281454407994,2020-02-11,"{""type"":""MultiPoint"",""coordinates"":[]}"
59,0.7361163852236023,2020-02-18,"{""type"":""MultiPoint"",""coordinates"":[]}"
60,0.6648696914837048,2020-02-25,"{""type"":""MultiPoint"",""coordinates"":[]}"
61,0.7349076113159442,2020-03-03,"{""type"":""MultiPoint"",""coordinates"":[]}"
62,0.7067370524670725,2020-03-10,"{""type"":""MultiPoint"",""coordinates"":[]}"
63,0.7060080824041622,2020-03-17,"{""type"":""MultiPoint"",""coordinates"":[]}"
64,0.6861082721155094,2020-03-24,"{""type"":""MultiPoint"",""coordinates"":[]}"
65,0.5520052920790322,2020-03-31,"{""type"":""MultiPoint"",""coordinates"":[]}"
66,0.3516842125104371,2020-04-07,"{""type"":""MultiPoint"",""coordinates"":[]}"
67,0.3076614972218258,2020-04-14,"{""type"":""MultiPoint"",""coordinates"":[]}"
68,0.2794680923778341,2020-04-21,"{""type"":""MultiPoint"",""coordinates"":[]}"
69,0.25509047680216335,2020-04-28,"{""type"":""MultiPoint"",""coordinates"":[]}"
70,0.22409766540625647,2020-05-05,"{""type"":""MultiPoint"",""coordinates"":[]}"
71,0.1962041620474816,2020-05-12,"{""type"":""MultiPoint"",""coordinates"":[]}"
72,0.22411899242690997,2020-05-19,"{""type"":""MultiPoint"",""coordinates"":[]}"
73,0.1889683563734586,2020-05-26,"{""type"":""MultiPoint"",""coordinates"":[]}"
74,0.24982017064016324,2020-06-02,"{""type"":""MultiPoint"",""coordinates"":[]}"
75,0.20861110159383545,2020-06-09,"{""type"":""MultiPoint"",""coordinates"":[]}"
76,0.2287694868916503,2020-06-16,"{""type"":""MultiPoint"",""coordinates"":[]}"
77,0.2746167092121275,2020-06-23,"{""type"":""MultiPoint"",""coordinates"":[]}"
78,0.23901640611444191,2020-06-30,"{""type"":""MultiPoint"",""coordinates"":[]}"
79,0.43474001740932067,2020-07-07,"{""type"":""MultiPoint"",""coordinates"":[]}"
80,0.34143455020757135,2020-07-14,"{""type"":""MultiPoint"",""coordinates"":[]}"
81,0.5202786144823307,2020-07-21,"{""type"":""MultiPoint"",""coordinates"":[]}"
82,0.5732248486264312,2020-07-28,"{""type"":""MultiPoint"",""coordinates"":[]}"
83,0.6569224388670141,2020-08-04,"{""type"":""MultiPoint"",""coordinates"":[]}"
84,0.6535583595185283,2020-08-11,"{""type"":""MultiPoint"",""coordinates"":[]}"
85,0.713393077626032,2020-08-18,"{""type"":""MultiPoint"",""coordinates"":[]}"
86,0.6918101143492744,2020-08-25,"{""type"":""MultiPoint"",""coordinates"":[]}"
87,0.6745451126812456,2020-09-01,"{""type"":""MultiPoint"",""coordinates"":[]}"
88,0.7121010149720801,2020-09-08,"{""type"":""MultiPoint"",""coordinates"":[]}"
89,0.6914327262810758,2020-09-15,"{""type"":""MultiPoint"",""coordinates"":[]}"
90,0.6368970039776625,2020-09-22,"{""type"":""MultiPoint"",""coordinates"":[]}"
91,0.6585237948942341,2020-09-29,"{""type"":""MultiPoint"",""coordinates"":[]}"
92,0.5780825896368553,2020-10-06,"{""type"":""MultiPoint"",""coordinates"":[]}"
93,0.49357991687776054,2020-10-13,"{""type"":""MultiPoint"",""coordinates"":[]}"
94,0.3727527460941166,2020-10-20,"{""type"":""MultiPoint"",""coordinates"":[]}"
95,0.3237015097626309,2020-10-27,"{""type"":""MultiPoint"",""coordinates"":[]}"
96,0.2585445454358148,2020-11-03,"{""type"":""MultiPoint"",""coordinates"":[]}"
97,0.2406648442373331,2020-11-10,"{""type"":""MultiPoint"",""coordinates"":[]}"
98,0.32676678477529186,2020-11-17,"{""type"":""MultiPoint"",""coordinates"":[]}"
99,0.33565120765061845,2020-11-24,"{""type"":""MultiPoint"",""coordinates"":[]}"
100,0.35735159057066285,2020-12-01,"{""type"":""MultiPoint"",""coordinates"":[]}"
101,0.47000069289276575,2020-12-08,"{""type"":""MultiPoint"",""coordinates"":[]}"
102,0.5402843868737044,2020-12-15,"{""type"":""MultiPoint"",""coordinates"":[]}"
103,0.5617888569462668,2020-12-22,"{""type"":""MultiPoint"",""coordinates"":[]}"
104,0.5164437006147665,2020-12-29,"{""type"":""MultiPoint"",""coordinates"":[]}"
105,0.5356824212806994,2021-01-05,"{""type"":""MultiPoint"",""coordinates"":[]}"
106,0.5004679065134267,2021-01-12,"{""type"":""MultiPoint"",""coordinates"":[]}"
107,0.6257704212198932,2021-01-19,"{""type"":""MultiPoint"",""coordinates"":[]}"
108,0.6782684930523897,2021-01-26,"{""type"":""MultiPoint"",""coordinates"":[]}"
109,0.7039637118065768,2021-02-02,"{""type"":""MultiPoint"",""coordinates"":[]}"
110,0.6857812329718174,2021-02-09,"{""type"":""MultiPoint"",""coordinates"":[]}"
111,0.6936708385514414,2021-02-16,"{""type"":""MultiPoint"",""coordinates"":[]}"
112,0.6909019202808886,2021-02-23,"{""type"":""MultiPoint"",""coordinates"":[]}"
113,0.688750196474723,2021-03-02,"{""type"":""MultiPoint"",""coordinates"":[]}"
114,0.5786110957708317,2021-03-09,"{""type"":""MultiPoint"",""coordinates"":[]}"
115,0.6236997911725786,2021-03-16,"{""type"":""MultiPoint"",""coordinates"":[]}"
116,0.5014841345160623,2021-03-23,"{""type"":""MultiPoint"",""coordinates"":[]}"
117,0.35897817032629675,2021-03-30,"{""type"":""MultiPoint"",""coordinates"":[]}"
118,0.29054923312085695,2021-04-06,"{""type"":""MultiPoint"",""coordinates"":[]}"
119,0.22838414439357954,2021-04-13,"{""type"":""MultiPoint"",""coordinates"":[]}"
120,0.25516895624669345,2021-04-20,"{""type"":""MultiPoint"",""coordinates"":[]}"
121,0.19812219319543803,2021-04-27,"{""type"":""MultiPoint"",""coordinates"":[]}"
122,0.18535251692758742,2021-05-04,"{""type"":""MultiPoint"",""coordinates"":[]}"
123,0.21769598814838964,2021-05-11,"{""type"":""MultiPoint"",""coordinates"":[]}"
124,0.23112291734033769,2021-05-18,"{""type"":""MultiPoint"",""coordinates"":[]}"
125,0.18170829024791643,2021-05-25,"{""type"":""MultiPoint"",""coordinates"":[]}"
126,0.166409233899335,2021-06-01,"{""type"":""MultiPoint"",""coordinates"":[]}"
127,0.186288730181289,2021-06-08,"{""type"":""MultiPoint"",""coordinates"":[]}"
128,0.16761689511150493,2021-06-15,"{""type"":""MultiPoint"",""coordinates"":[]}"
129,0.258350294988576,2021-06-22,"{""type"":""MultiPoint"",""coordinates"":[]}"
130,0.29960336673674265,2021-06-29,"{""type"":""MultiPoint"",""coordinates"":[]}"
131,0.27772757825046046,2021-07-06,"{""type"":""MultiPoint"",""coordinates"":[]}"
132,0.4708270373009385,2021-07-13,"{""type"":""MultiPoint"",""coordinates"":[]}"
133,0.5269590321949608,2021-07-20,"{""type"":""MultiPoint"",""coordinates"":[]}"
134,,2021-07-27,"{""type"":""MultiPoint"",""coordinates"":[]}"
135,0.577560358630387,2021-08-03,"{""type"":""MultiPoint"",""coordinates"":[]}"
136,0.6811146601874374,2021-08-10,"{""type"":""MultiPoint"",""coordinates"":[]}"
137,0.695060110199227,2021-08-17,"{""type"":""MultiPoint"",""coordinates"":[]}"
138,0.7025505481777535,2021-08-24,"{""type"":""MultiPoint"",""coordinates"":[]}"
139,0.6219985559693473,2021-08-31,"{""type"":""MultiPoint"",""coordinates"":[]}"
140,0.6261563152478843,2021-09-07,"{""type"":""MultiPoint"",""coordinates"":[]}"
141,0.7048077006288435,2021-09-14,"{""type"":""MultiPoint"",""coordinates"":[]}"
142,0.713419880873153,2021-09-21,"{""type"":""MultiPoint"",""coordinates"":[]}"
143,0.6374543638288361,2021-09-28,"{""type"":""MultiPoint"",""coordinates"":[]}"
144,0.6167737767236551,2021-10-05,"{""type"":""MultiPoint"",""coordinates"":[]}"
145,0.5413289564550755,2021-10-12,"{""type"":""MultiPoint"",""coordinates"":[]}"
146,0.4473407012044005,2021-10-19,"{""type"":""MultiPoint"",""coordinates"":[]}"
147,0.38370869568186033,2021-10-26,"{""type"":""MultiPoint"",""coordinates"":[]}"
148,0.2745208580435575,2021-11-02,"{""type"":""MultiPoint"",""coordinates"":[]}"
149,0.2897451560926584,2021-11-09,"{""type"":""MultiPoint"",""coordinates"":[]}"
150,0.31056980534109335,2021-11-16,"{""type"":""MultiPoint"",""coordinates"":[]}"
151,0.2926378365186622,2021-11-23,"{""type"":""MultiPoint"",""coordinates"":[]}"
152,0.32851578200106396,2021-11-30,"{""type"":""MultiPoint"",""coordinates"":[]}"
153,0.45950193778003845,2021-12-07,"{""type"":""MultiPoint"",""coordinates"":[]}"
154,0.5203855445688116,2021-12-14,"{""type"":""MultiPoint"",""coordinates"":[]}"
155,0.5058641651497369,2021-12-21,"{""type"":""MultiPoint"",""coordinates"":[]}"
156,0.6010029110733598,2021-12-28,"{""type"":""MultiPoint"",""coordinates"":[]}"
157,0.22220361883276527,2022-01-04,"{""type"":""MultiPoint"",""coordinates"":[]}"
158,0.5861229543524912,2022-01-11,"{""type"":""MultiPoint"",""coordinates"":[]}"
159,,2022-01-18,"{""type"":""MultiPoint"",""coordinates"":[]}"
160,0.6803270841773408,2022-01-25,"{""type"":""MultiPoint"",""coordinates"":[]}"
161,0.546759541016915,2022-02-01,"{""type"":""MultiPoint"",""coordinates"":[]}"
162,0.6724784728052442,2022-02-08,"{""type"":""MultiPoint"",""coordinates"":[]}"
163,0.7020760024838382,2022-02-15,"{""type"":""MultiPoint"",""coordinates"":[]}"
164,0.7001348577603922,2022-02-22,"{""type"":""MultiPoint"",""coordinates"":[]}"
165,0.6827369047737684,2022-03-01,"{""type"":""MultiPoint"",""coordinates"":[]}"
166,0.6926996134446435,2022-03-08,"{""type"":""MultiPoint"",""coordinates"":[]}"
167,0.6304704876045625,2022-03-15,"{""type"":""MultiPoint"",""coordinates"":[]}"
168,0.5624822057456417,2022-03-22,"{""type"":""MultiPoint"",""coordinates"":[]}"
169,0.4245977933584921,2022-03-29,"{""type"":""MultiPoint"",""coordinates"":[]}"
170,0.3406194540188641,2022-04-05,"{""type"":""MultiPoint"",""coordinates"":[]}"
171,0.29385948932555733,2022-04-12,"{""type"":""MultiPoint"",""coordinates"":[]}"
172,0.2680397078992005,2022-04-19,"{""type"":""MultiPoint"",""coordinates"":[]}"
173,0.24450122675120128,2022-04-26,"{""type"":""MultiPoint"",""coordinates"":[]}"
174,0.23919107244593457,2022-05-03,"{""type"":""MultiPoint"",""coordinates"":[]}"
175,0.25163250644299706,2022-05-10,"{""type"":""MultiPoint"",""coordinates"":[]}"
176,0.2398002920376376,2022-05-17,"{""type"":""MultiPoint"",""coordinates"":[]}"
177,0.24863107347030877,2022-05-24,"{""type"":""MultiPoint"",""coordinates"":[]}"
178,0.2562260255992234,2022-05-31,"{""type"":""MultiPoint"",""coordinates"":[]}"
179,0.21503417835555064,2022-06-07,"{""type"":""MultiPoint"",""coordinates"":[]}"
180,0.19573361255881103,2022-06-14,"{""type"":""MultiPoint"",""coordinates"":[]}"
181,0.2622455173354467,2022-06-21,"{""type"":""MultiPoint"",""coordinates"":[]}"
182,0.35646953779501267,2022-06-28,"{""type"":""MultiPoint"",""coordinates"":[]}"
183,0.3280238476955864,2022-07-05,"{""type"":""MultiPoint"",""coordinates"":[]}"
184,0.4422942016405701,2022-07-12,"{""type"":""MultiPoint"",""coordinates"":[]}"
185,,2022-07-19,"{""type"":""MultiPoint"",""coordinates"":[]}"
186,0.5147784572224765,2022-07-26,"{""type"":""MultiPoint"",""coordinates"":[]}"
187,0.6352385769630666,2022-08-02,"{""type"":""MultiPoint"",""coordinates"":[]}"
188,0.7393885901605896,2022-08-09,"{""type"":""MultiPoint"",""coordinates"":[]}"
189,0.7215547693262254,2022-08-16,"{""type"":""MultiPoint"",""coordinates"":[]}"
190,0.6855053349453265,2022-08-23,"{""type"":""MultiPoint"",""coordinates"":[]}"
191,0.6914100119818958,2022-08-30,"{""type"":""MultiPoint"",""coordinates"":[]}"
192,0.6923786940145066,2022-09-06,"{""type"":""MultiPoint"",""coordinates"":[]}"
193,0.7017609857959758,2022-09-13,"{""type"":""MultiPoint"",""coordinates"":[]}"
194,0.6692701929634969,2022-09-20,"{""type"":""MultiPoint"",""coordinates"":[]}"
195,0.6333000072506004,2022-09-27,"{""type"":""MultiPoint"",""coordinates"":[]}"
196,0.6267921946576843,2022-10-04,"{""type"":""MultiPoint"",""coordinates"":[]}"
197,0.5348182760920787,2022-10-11,"{""type"":""MultiPoint"",""coordinates"":[]}"
198,0.4461567067815273,2022-10-18,"{""type"":""MultiPoint"",""coordinates"":[]}"
199,0.3420802989869875,2022-10-25,"{""type"":""MultiPoint"",""coordinates"":[]}"
200,0.22515016848241926,2022-11-01,"{""type"":""MultiPoint"",""coordinates"":[]}"
201,0.21558693381593286,2022-11-08,"{""type"":""MultiPoint"",""coordinates"":[]}"
202,0.3129161937364717,2022-11-15,"{""type"":""MultiPoint"",""coordinates"":[]}"
203,0.34817897049117674,2022-11-22,"{""type"":""MultiPoint"",""coordinates"":[]}"
204,0.41094978506878393,2022-11-29,"{""type"":""MultiPoint"",""coordinates"":[]}"
205,0.46468991718880565,2022-12-06,"{""type"":""MultiPoint"",""coordinates"":[]}"
206,0.49807157957684806,2022-12-13,"{""type"":""MultiPoint"",""coordinates"":[]}"
207,0.3850982609930965,2022-12-20,"{""type"":""MultiPoint"",""coordinates"":[]}"
208,0.47189610713574665,2022-12-27,"{""type"":""MultiPoint"",""coordinates"":[]}"
209,0.33421787335883274,2023-01-03,"{""type"":""MultiPoint"",""coordinates"":[]}"
210,0.49525508542578656,2023-01-10,"{""type"":""MultiPoint"",""coordinates"":[]}"
211,0.6574475471200151,2023-01-17,"{""type"":""MultiPoint"",""coordinates"":[]}"
212,0.7045717043458279,2023-01-24,"{""type"":""MultiPoint"",""coordinates"":[]}"
213,0.695740116781162,2023-01-31,"{""type"":""MultiPoint"",""coordinates"":[]}"
214,0.6776475124996166,2023-02-07,"{""type"":""MultiPoint"",""coordinates"":[]}"
215,0.530558364256242,2023-02-14,"{""type"":""MultiPoint"",""coordinates"":[]}"
216,0.6937349149514576,2023-02-21,"{""type"":""MultiPoint"",""coordinates"":[]}"
217,0.6886948348060576,2023-02-28,"{""type"":""MultiPoint"",""coordinates"":[]}"
218,0.6601190299257859,2023-03-07,"{""type"":""MultiPoint"",""coordinates"":[]}"
219,0.6384251894512277,2023-03-14,"{""type"":""MultiPoint"",""coordinates"":[]}"
220,0.5717550594371873,2023-03-21,"{""type"":""MultiPoint"",""coordinates"":[]}"
221,0.4620366184971897,2023-03-28,"{""type"":""MultiPoint"",""coordinates"":[]}"
222,0.37611087536108595,2023-04-04,"{""type"":""MultiPoint"",""coordinates"":[]}"
223,0.3022040806551008,2023-04-11,"{""type"":""MultiPoint"",""coordinates"":[]}"
224,0.25602954340018697,2023-04-18,"{""type"":""MultiPoint"",""coordinates"":[]}"
225,0.28545383605578584,2023-04-25,"{""type"":""MultiPoint"",""coordinates"":[]}"
226,0.2799456965490511,2023-05-02,"{""type"":""MultiPoint"",""coordinates"":[]}"
227,0.27426241792155226,2023-05-09,"{""type"":""MultiPoint"",""coordinates"":[]}"
228,0.2516305018228213,2023-05-16,"{""type"":""MultiPoint"",""coordinates"":[]}"
229,0.25003377699408325,2023-05-23,"{""type"":""MultiPoint"",""coordinates"":[]}"
230,0.3070553232954089,2023-05-30,"{""type"":""MultiPoint"",""coordinates"":[]}"
231,0.2880452145181604,2023-06-06,"{""type"":""MultiPoint"",""coordinates"":[]}"
232,0.26309004364047406,2023-06-13,"{""type"":""MultiPoint"",""coordinates"":[]}"
233,0.21652399038541906,2023-06-20,"{""type"":""MultiPoint"",""coordinates"":[]}"
234,0.22731278310620215,2023-06-27,"{""type"":""MultiPoint"",""coordinates"":[]}"
235,,2023-07-04,"{""type"":""MultiPoint"",""coordinates"":[]}"
236,0.25894214227768636,2023-07-11,"{""type"":""MultiPoint"",""coordinates"":[]}"
237,0.44879539502177995,2023-07-18,"{""type"":""MultiPoint"",""coordinates"":[]}"
238,0.47340306574259333,2023-07-25,"{""type"":""MultiPoint"",""coordinates"":[]}"
239,0.5579080301679384,2023-08-01,"{""type"":""MultiPoint"",""coordinates"":[]}"
240,0.6364071464201431,2023-08-08,"{""type"":""MultiPoint"",""coordinates"":[]}"
241,0.6661796939927281,2023-08-15,"{""type"":""MultiPoint"",""coordinates"":[]}"
242,0.7115553407745486,2023-08-22,"{""type"":""MultiPoint"",""coordinates"":[]}"
243,0.7136866345735117,2023-08-29,"{""type"":""MultiPoint"",""coordinates"":[]}"
244,0.7020592375441438,2023-09-05,"{""type"":""MultiPoint"",""coordinates"":[]}"
245,0.6630669705703972,2023-09-12,"{""type"":""MultiPoint"",""coordinates"":[]}"
246,0.7124952005830152,2023-09-19,"{""type"":""MultiPoint"",""coordinates"":[]}"
247,0.6537523544394712,2023-09-26,"{""type"":""MultiPoint"",""coordinates"":[]}"
248,0.5963556471680405,2023-10-03,"{""type"":""MultiPoint"",""coordinates"":[]}"
249,0.562608423342634,2023-10-10,"{""type"":""MultiPoint"",""coordinates"":[]}"
250,0.5004857686856895,2023-10-17,"{""type"":""MultiPoint"",""coordinates"":[]}"
251,0.4081126266745099,2023-10-24,"{""type"":""MultiPoint"",""coordinates"":[]}"
252,0.3140474453614596,2023-10-31,"{""type"":""MultiPoint"",""coordinates"":[]}"
253,0.2633603539543037,2023-11-07,"{""type"":""MultiPoint"",""coordinates"":[]}"
254,0.28374284298434505,2023-11-14,"{""type"":""MultiPoint"",""coordinates"":[]}"
255,0.28148127380099563,2023-11-21,"{""type"":""MultiPoint"",""coordinates"":[]}"
256,0.3176375447335477,2023-11-28,"{""type"":""MultiPoint"",""coordinates"":[]}"
257,0.4739739540580868,2023-12-05,"{""type"":""MultiPoint"",""coordinates"":[]}"
258,0.5280687013771157,2023-12-12,"{""type"":""MultiPoint"",""coordinates"":[]}"
259,0.43843449454693273,2023-12-19,"{""type"":""MultiPoint"",""coordinates"":[]}"
260,0.2706157554608001,2023-12-26,"{""type"":""MultiPoint"",""coordinates"":[]}"
261,0.3161517288941598,2024-01-02,"{""type"":""MultiPoint"",""coordinates"":[]}"
262,0.30275322469394444,2024-01-09,"{""type"":""MultiPoint"",""coordinates"":[]}"
263,0.38002020065562325,2024-01-16,"{""type"":""MultiPoint"",""coordinates"":[]}"
264,0.5533701969225975,2024-01-23,"{""type"":""MultiPoint"",""coordinates"":[]}"
265,0.6169141544692311,2024-01-30,"{""type"":""MultiPoint"",""coordinates"":[]}"
266,0.6921135417806635,2024-02-06,"{""type"":""MultiPoint"",""coordinates"":[]}"
267,0.6841494961201916,2024-02-13,"{""type"":""MultiPoint"",""coordinates"":[]}"
268,0.6865633522801783,2024-02-20,"{""type"":""MultiPoint"",""coordinates"":[]}"
269,0.6875379640271919,2024-02-27,"{""type"":""MultiPoint"",""coordinates"":[]}"
270,0.6906210833562205,2024-03-05,"{""type"":""MultiPoint"",""coordinates"":[]}"
271,0.6786236678639834,2024-03-12,"{""type"":""MultiPoint"",""coordinates"":[]}"
272,0.6630613093088804,2024-03-19,"{""type"":""MultiPoint"",""coordinates"":[]}"
273,0.5675293962873902,2024-03-26,"{""type"":""MultiPoint"",""coordinates"":[]}"
274,0.46453937772030346,2024-04-02,"{""type"":""MultiPoint"",""coordinates"":[]}"
275,0.36519732840746255,2024-04-09,"{""type"":""MultiPoint"",""coordinates"":[]}"
276,0.3027308244972698,2024-04-16,"{""type"":""MultiPoint"",""coordinates"":[]}"
277,0.2589799444128042,2024-04-23,"{""type"":""MultiPoint"",""coordinates"":[]}"
278,0.22462008296742603,2024-04-30,"{""type"":""MultiPoint"",""coordinates"":[]}"
279,0.24362601153083835,2024-05-07,"{""type"":""MultiPoint"",""coordinates"":[]}"
280,0.2271997163415582,2024-05-14,"{""type"":""MultiPoint"",""coordinates"":[]}"
281,0.21428007847513653,2024-05-21,"{""type"":""MultiPoint"",""coordinates"":[]}"
282,0.2274312009004544,2024-05-28,"{""type"":""MultiPoint"",""coordinates"":[]}"
283,0.22114827063114578,2024-06-04,"{""type"":""MultiPoint"",""coordinates"":[]}"
284,0.22170320506138635,2024-06-11,"{""type"":""MultiPoint"",""coordinates"":[]}"
285,0.20664925357657568,2024-06-18,"{""type"":""MultiPoint"",""coordinates"":[]}"
286,0.1284672603007327,2024-06-25,"{""type"":""MultiPoint"",""coordinates"":[]}"
287,,2024-07-02,"{""type"":""MultiPoint"",""coordinates"":[]}"
288,0.30451170788843546,2024-07-09,"{""type"":""MultiPoint"",""coordinates"":[]}"
289,0.396074993781777,2024-07-16,"{""type"":""MultiPoint"",""coordinates"":[]}"
290,0.3527703357298485,2024-07-23,"{""type"":""MultiPoint"",""coordinates"":[]}"
291,0.44254691773452837,2024-07-30,"{""type"":""MultiPoint"",""coordinates"":[]}"
292,0.6678151908045569,2024-08-06,"{""type"":""MultiPoint"",""coordinates"":[]}"
293,0.6396614603820798,2024-08-13,"{""type"":""MultiPoint"",""coordinates"":[]}"
294,0.6921795596267725,2024-08-20,"{""type"":""MultiPoint"",""coordinates"":[]}"
295,0.7569492481982154,2024-08-27,"{""type"":""MultiPoint"",""coordinates"":[]}"
296,0.6881483514804169,2024-09-03,"{""type"":""MultiPoint"",""coordinates"":[]}"
297,0.7065987828201721,2024-09-10,"{""type"":""MultiPoint"",""coordinates"":[]}"
298,0.7126809766812328,2024-09-17,"{""type"":""MultiPoint"",""coordinates"":[]}"
299,0.5937463937220911,2024-09-24,"{""type"":""MultiPoint"",""coordinates"":[]}"
300,0.6178939465692381,2024-10-01,"{""type"":""MultiPoint"",""coordinates"":[]}"
301,0.5691195512655585,2024-10-08,"{""type"":""MultiPoint"",""coordinates"":[]}"
302,0.4471496253452462,2024-10-15,"{""type"":""MultiPoint"",""coordinates"":[]}"
303,0.3802384324689141,2024-10-22,"{""type"":""MultiPoint"",""coordinates"":[]}"
304,0.3092809450625394,2024-10-29,"{""type"":""MultiPoint"",""coordinates"":[]}"
305,0.17300305668699403,2024-11-05,"{""type"":""MultiPoint"",""coordinates"":[]}"
306,0.29106242416882405,2024-11-12,"{""type"":""MultiPoint"",""coordinates"":[]}"
307,0.24263594878770867,2024-11-19,"{""type"":""MultiPoint"",""coordinates"":[]}"
308,0.3393475963733272,2024-11-26,"{""type"":""MultiPoint"",""coordinates"":[]}"
309,0.4059064745030158,2024-12-03,"{""type"":""MultiPoint"",""coordinates"":[]}"
310,0.4354916818570671,2024-12-10,"{""type"":""MultiPoint"",""coordinates"":[]}"
311,0.3783107251821655,2024-12-17,"{""type"":""MultiPoint"",""coordinates"":[]}"
312,0.407901827106771,2024-12-24,"{""type"":""MultiPoint"",""coordinates"":[]}"
